text,category
courier charges cost 220,Other
soap 207 inr,Personal Care
furniture 12609 rs,Shopping
vegetables cost 933,Food
just got mobile phone for 4605 inr,Shopping
paid 6558 inr for exam fee,Education
just got postage stamp for 898 inr,Other
just got birthday gift for 874 rupees,Gifts & Donations
recharged my vitamins with 1194,Health
headphones 6909 rupees,Shopping
bought courier charges for 987,Other
just got lab test for 4212 rs,Health
bought donation to charity for 400,Gifts & Donations
spent 545 on soap,Personal Care
just got wedding present for 912 rupees,Gifts & Donations
monthly maintenance fee payment of 962,Utilities
bought fruits for 658 inr,Food
monthly flight ticket payment of 5996,Transport
paid 669 rupees for bank fee,Other
gift for anniversary 993 rupees,Gifts & Donations
paid 400 for haircut,Personal Care
bought mobile phone for 3570 rs,Shopping
recharged my gift for anniversary with 995,Gifts & Donations
pizza 513,Food
just got birthday gift for 594 rs,Gifts & Donations
spent 495 on courier charges,Other
paid 840 rupees for gym membership,Personal Care
just got courier charges for 389,Other
headphones cost 5604,Shopping
paid 5293 rupees for textbooks,Education
paid 472 inr for concert tickets,Entertainment
bought Spotify premium for 468 rs,Entertainment
sports match ticket 758 rs,Entertainment
paid 639 inr for concert tickets,Entertainment
spent 11696 on electricity bill,Utilities
purchase of book - 2860,Shopping
"paid for takeout food, amount was 522",Food
bought book for 9555 rs,Shopping
monthly book payment of 6794,Shopping
uber ride 11677 inr,Transport
watch 10328 rs,Shopping
purchase of auto rickshaw fare - 8767,Transport
doctor's visit fee cost 2376,Health
recharged my birthday gift with 481,Gifts & Donations
"paid for software license, amount was 629",Other
monthly subscription service payment of 670,Utilities
"paid for gym membership, amount was 480",Personal Care
lab test 406 inr,Health
doctor's visit fee 3251 rupees,Health
paid 968 for birthday gift,Gifts & Donations
just got textbooks for 11222 rs,Education
"paid for house rent, amount was 13226",Utilities
purchase of pen and notebooks - 11273,Education
udemy course cost 876,Education
bought concert tickets for 911 inr,Entertainment
monthly contribution to fundraiser payment of 527,Gifts & Donations
purchase of doctor's visit fee - 3050,Health
bought pen and notebooks for 3987,Education
"paid for parking fee, amount was 3481",Transport
pet food 61,Other
recharged my gym membership with 507,Personal Care
recharged my postage stamp with 76,Other
bought magazine subscription for 538,Other
spent 6714 on pen and notebooks,Education
internet bill cost 6119,Utilities
movie tickets cost 472,Entertainment
monthly salon visit payment of 975,Personal Care
spent 4992 on phone recharge,Utilities
spent 342 on birthday gift,Gifts & Donations
bought software license for 617 inr,Other
purchase of birthday gift - 303,Gifts & Donations
purchase of fuel for car - 6759,Transport
bought taxi fare for 1220 inr,Transport
purchase of pizza - 917,Food
purchase of phone recharge - 6997,Utilities
just got birthday gift for 842 inr,Gifts & Donations
spent 13969 on running shoes,Shopping
recharged my movie tickets with 851,Entertainment
purchase of haircut - 146,Personal Care
monthly fruits payment of 501,Food
jeans 548 rupees,Shopping
"paid for electricity bill, amount was 3382",Utilities
paid 871 inr for soap,Personal Care
postage stamp cost 235,Other
"paid for takeout food, amount was 450",Food
bought amusement park entry for 777,Entertainment
purchase of pen and notebooks - 12826,Education
purchase of protein powder - 454,Personal Care
bought exam fee for 3931 rupees,Education
"paid for magazine subscription, amount was 518",Other
bought pastries for 529,Food
just got broadband payment for 4811 rs,Utilities
monthly movie tickets payment of 554,Entertainment
recharged my lunch with 947,Food
spent 12800 on electricity bill,Utilities
textbooks 4174 inr,Education
paid 13656 inr for DTH recharge,Utilities
recharged my train ticket with 10075,Transport
bought coursera specialization for 6521 inr,Education
just got coursera specialization for 13457 rupees,Education
just got haircut for 126 rs,Personal Care
bought amusement park entry for 820,Entertainment
bought band-aids for 4450 rs,Health
spent 863 on laundry service,Other
recharged my wedding present with 921,Gifts & Donations
spent 4842 on metro card recharge,Transport
donation to charity cost 580,Gifts & Donations
paid 10974 rupees for online course fee,Education
just got haircut for 843 inr,Personal Care
just got pastries for 517,Food
recharged my haircut with 536,Personal Care
paid 11179 rs for stationery,Education
lunch cost 509,Food
purchase of taxi fare - 12323,Transport
taxi fare cost 11243,Transport
spent 800 on gift for anniversary,Gifts & Donations
monthly contribution to fundraiser payment of 132,Gifts & Donations
monthly coffee payment of 922,Food
spent 8302 on skincare products,Shopping
birthday gift cost 81,Gifts & Donations
"paid for pastries, amount was 696",Food
paid 125 for pastries,Food
recharged my movie tickets with 503,Entertainment
bought maintenance fee for 2872 rs,Utilities
electricity bill cost 8010,Utilities
monthly birthday gift payment of 440,Gifts & Donations
dental checkup 1152 rupees,Health
bought fruits for 508 rs,Food
monthly postage stamp payment of 808,Other
just got postage stamp for 872 rupees,Other
"paid for birthday gift, amount was 288",Gifts & Donations
monthly dental checkup payment of 690,Health
purchase of medicines - 3048,Health
recharged my taxi fare with 9659,Transport
bought cosmetics for 676,Personal Care
purchase of taxi fare - 3343,Transport
parking fee cost 12687,Transport
just got metro card recharge for 3955 rs,Transport
recharged my pastries with 816,Food
concert tickets cost 995,Entertainment
bought haircut for 808,Personal Care
dental checkup 4483,Health
just got textbooks for 10392 inr,Education
gift for anniversary cost 630,Gifts & Donations
"paid for jeans, amount was 7736",Shopping
spent 9967 on new shirt,Shopping
spent 1036 on medicines,Health
bought coursera specialization for 14536,Education
"paid for fuel for car, amount was 7613",Transport
purchase of watch - 13546,Shopping
medicines 2897 rupees,Health
paid 8230 inr for train ticket,Transport
paid 9241 for fuel for car,Transport
monthly pizza payment of 512,Food
hospital bill 434 inr,Health
"paid for textbooks, amount was 2590",Education
recharged my stationery with 8661,Education
paid 2353 for metro card recharge,Transport
textbooks cost 5779,Education
recharged my birthday gift with 77,Gifts & Donations
spent 11327 on pen and notebooks,Education
home decor 8928 inr,Shopping
paid 3787 rupees for house rent,Utilities
spent 9215 on gas cylinder,Utilities
purchase of sunglasses - 10010,Shopping
coursera specialization 3540 rupees,Education
magazine subscription 196,Other
DTH recharge 3200 rupees,Utilities
just got metro card recharge for 13548,Transport
bought lab test for 4337 rupees,Health
bought lab test for 2621 rs,Health
protein powder cost 549,Personal Care
just got hospital bill for 4359 inr,Health
just got flight ticket for 5874 rupees,Transport
"paid for home repair, amount was 144",Other
recharged my dental checkup with 477,Health
gym membership 538 rupees,Personal Care
spent 3082 on electricity bill,Utilities
"paid for wedding present, amount was 519",Gifts & Donations
just got car service for 14017 rupees,Transport
"paid for amusement park entry, amount was 450",Entertainment
just got skincare products for 13519 rupees,Shopping
spent 897 on coffee,Food
purchase of house rent - 7893,Utilities
monthly home decor payment of 12831,Shopping
bought takeout food for 531,Food
bought stationery for 1709 rs,Education
bought broadband payment for 4081,Utilities
paid 1813 inr for textbooks,Education
recharged my coffee with 664,Food
gift for anniversary 904,Gifts & Donations
just got pizza for 593 rs,Food
recharged my home decor with 3391,Shopping
"paid for hospital bill, amount was 3888",Health
spent 691 on vitamins,Health
recharged my fuel for car with 1059,Transport
paid 602 inr for cosmetics,Personal Care
spent 618 on gift for anniversary,Gifts & Donations
purchase of health insurance premium - 483,Health
just got pastries for 970 rupees,Food
monthly house rent payment of 9851,Utilities
bought movie tickets for 889 rupees,Entertainment
postage stamp 146 rs,Other
monthly maintenance fee payment of 6646,Utilities
book 10997 rupees,Shopping
"paid for haircut, amount was 496",Personal Care
"paid for band-aids, amount was 862",Health
stationery cost 3376,Education
bought home decor for 426 inr,Shopping
recharged my vitamins with 1352,Health
just got internet bill for 7183,Utilities
spent 8109 on skincare products,Shopping
purchase of band-aids - 4263,Health
paid 433 rs for movie tickets,Entertainment
"paid for amusement park entry, amount was 415",Entertainment
"paid for gift for anniversary, amount was 309",Gifts & Donations
spent 5471 on electricity bill,Utilities
bought salon visit for 463,Personal Care
postage stamp cost 438,Other
spent 541 on cosmetics,Personal Care
bought pastries for 857 inr,Food
"paid for Spotify premium, amount was 911",Entertainment
recharged my subscription service with 7244,Utilities
purchase of hospital bill - 530,Health
recharged my stationery with 13282,Education
paid 7076 inr for home decor,Shopping
purchase of stationery - 8721,Education
"paid for car service, amount was 917",Transport
just got dental checkup for 4178 inr,Health
"paid for video game, amount was 529",Entertainment
bought bank fee for 331 rupees,Other
paid 9146 for taxi fare,Transport
just got gift for anniversary for 772,Gifts & Donations
recharged my home decor with 7681,Shopping
"paid for bank fee, amount was 239",Other
spent 855 on exam fee,Education
monthly wedding present payment of 801,Gifts & Donations
maintenance fee 9507,Utilities
"paid for amusement park entry, amount was 135",Entertainment
purchase of internet bill - 8474,Utilities
spent 985 on pastries,Food
software license 510 rs,Other
bought amusement park entry for 640,Entertainment
spent 491 on contribution to fundraiser,Gifts & Donations
"paid for sunglasses, amount was 6501",Shopping
recharged my restaurant meal with 78,Food
spent 852 on salon visit,Personal Care
purchase of exam fee - 1644,Education
bought cosmetics for 967 rs,Personal Care
just got ice cream for 490 rupees,Food
"paid for running shoes, amount was 12613",Shopping
monthly pen and notebooks payment of 10618,Education
monthly software license payment of 335,Other
purchase of internet bill - 1809,Utilities
spent 924 on breakfast,Food
purchase of haircut - 861,Personal Care
paid 798 rs for sports match ticket,Entertainment
stationery cost 2383,Education
headphones 4468 rs,Shopping
bought dinner with friends for 403,Food
bought salon visit for 747,Personal Care
monthly medicines payment of 4792,Health
just got wedding present for 654,Gifts & Donations
purchase of skincare products - 11976,Shopping
bought skincare products for 1740 rupees,Shopping
bowling with friends cost 719,Entertainment
birthday gift cost 544,Gifts & Donations
spent 431 on groceries,Food
paid 203 for pet food,Other
bought health insurance premium for 4852,Health
water bill cost 13588,Utilities
"paid for snacks, amount was 869",Food
software license cost 241,Other
soap 894 rupees,Personal Care
amusement park entry cost 151,Entertainment
paid 280 rupees for protein powder,Personal Care
paid 3214 for coursera specialization,Education
haircut cost 87,Personal Care
bought water bill for 14442 inr,Utilities
spent 311 on video game,Entertainment
monthly laptop payment of 5842,Shopping
"paid for bowling with friends, amount was 173",Entertainment
purchase of Netflix subscription - 580,Entertainment
spent 14744 on pen and notebooks,Education
birthday gift 154 inr,Gifts & Donations
bought groceries for 749 inr,Food
paid 13219 for parking fee,Transport
bought udemy course for 10416 rupees,Education
monthly gift for anniversary payment of 729,Gifts & Donations
spent 12392 on phone recharge,Utilities
spent 2815 on house rent,Utilities
maintenance fee 10922,Utilities
monthly home decor payment of 1644,Shopping
monthly parking fee payment of 2363,Transport
recharged my laundry service with 530,Other
broadband payment 4020,Utilities
courier charges 614 inr,Other
"paid for udemy course, amount was 5509",Education
bought haircut for 457 rupees,Personal Care
"paid for pen and notebooks, amount was 9445",Education
monthly dinner with friends payment of 658,Food
paid 810 inr for bank fee,Other
"paid for doctor's visit fee, amount was 1905",Health
ice cream 192 inr,Food
monthly movie tickets payment of 444,Entertainment
just got vegetables for 225,Food
paid 135 rs for salon visit,Personal Care
bought pen and notebooks for 9564 rupees,Education
spent 413 on wedding present,Gifts & Donations
paid 1850 for broadband payment,Utilities
groceries cost 439,Food
just got water bill for 6392 rupees,Utilities
gift for anniversary 391 rs,Gifts & Donations
spent 14397 on mobile phone,Shopping
purchase of water bill - 11390,Utilities
just got train ticket for 2137 rupees,Transport
soap cost 517,Personal Care
just got donation to charity for 563,Gifts & Donations
coursera specialization 11885 rs,Education
spent 623 on maintenance fee,Utilities
home decor cost 6333,Shopping
paid 832 for sports match ticket,Entertainment
wedding present cost 507,Gifts & Donations
monthly udemy course payment of 480,Education
purchase of band-aids - 1167,Health
just got video game for 919 rs,Entertainment
bought metro card recharge for 6796 inr,Transport
"paid for house rent, amount was 11339",Utilities
bought Spotify premium for 556,Entertainment
monthly gift for anniversary payment of 435,Gifts & Donations
recharged my snacks with 517,Food
just got home repair for 236,Other
bought Netflix subscription for 753 rs,Entertainment
bought band-aids for 521 rs,Health
bought sunglasses for 3352,Shopping
paid 1969 rs for vitamins,Health
monthly auto rickshaw fare payment of 13040,Transport
purchase of contribution to fundraiser - 533,Gifts & Donations
donation to charity 738,Gifts & Donations
snacks cost 973,Food
recharged my cosmetics with 470,Personal Care
purchase of cosmetics - 486,Personal Care
purchase of shampoo - 883,Personal Care
salon visit 230 rupees,Personal Care
bank fee cost 582,Other
takeout food cost 954,Food
band-aids 2035 inr,Health
paid 87 rupees for video game,Entertainment
recharged my watch with 6986,Shopping
"paid for haircut, amount was 156",Personal Care
paid 785 rupees for wedding present,Gifts & Donations
just got fruits for 444 rs,Food
purchase of train ticket - 12335,Transport
"paid for water bill, amount was 625",Utilities
monthly textbooks payment of 14979,Education
purchase of bank fee - 355,Other
paid 956 for protein powder,Personal Care
health insurance premium 2950 rupees,Health
spent 87 on sports match ticket,Entertainment
monthly doctor's visit fee payment of 392,Health
just got uber ride for 11599 inr,Transport
medicines 4324 rs,Health
groceries cost 761,Food
"paid for courier charges, amount was 412",Other
recharged my birthday gift with 863,Gifts & Donations
spent 263 on wedding present,Gifts & Donations
concert tickets cost 140,Entertainment
"paid for wedding present, amount was 973",Gifts & Donations
purchase of donation to charity - 94,Gifts & Donations
spent 174 on bank fee,Other
purchase of shampoo - 431,Personal Care
paid 798 rupees for gift for anniversary,Gifts & Donations
bought soap for 734,Personal Care
just got bank fee for 689,Other
just got pet food for 365 rupees,Other
monthly vitamins payment of 3816,Health
band-aids cost 2157,Health
takeout food cost 90,Food
spent 4564 on hospital bill,Health
monthly vegetables payment of 97,Food
spent 2252 on hospital bill,Health
monthly laptop payment of 13109,Shopping
recharged my train ticket with 3401,Transport
just got phone recharge for 7523,Utilities
subscription service 6356 rupees,Utilities
"paid for contribution to fundraiser, amount was 882",Gifts & Donations
just got phone recharge for 14289 rupees,Utilities
recharged my taxi fare with 11251,Transport
paid 7142 for uber ride,Transport
paid 14233 rupees for maintenance fee,Utilities
paid 11181 inr for jeans,Shopping
just got watch for 13901 rupees,Shopping
recharged my birthday gift with 136,Gifts & Donations
monthly maintenance fee payment of 14453,Utilities
bought cosmetics for 188 rupees,Personal Care
bought courier charges for 105 rupees,Other
donation to charity cost 697,Gifts & Donations
laptop 1673 rupees,Shopping
home repair cost 282,Other
"paid for software license, amount was 595",Other
recharged my wedding present with 372,Gifts & Donations
recharged my wedding present with 436,Gifts & Donations
recharged my birthday gift with 723,Gifts & Donations
soap 189 rupees,Personal Care
purchase of medicines - 3744,Health
purchase of maintenance fee - 5093,Utilities
hospital bill 2346 inr,Health
"paid for running shoes, amount was 5092",Shopping
spent 10939 on bus ticket,Transport
recharged my takeout food with 87,Food
just got uber ride for 1647 rupees,Transport
bought electricity bill for 12777 rs,Utilities
purchase of magazine subscription - 903,Other
just got DTH recharge for 2899,Utilities
taxi fare cost 252,Transport
"paid for donation to charity, amount was 986",Gifts & Donations
paid 1320 rupees for book,Shopping
spent 149 on contribution to fundraiser,Gifts & Donations
bought band-aids for 1546 inr,Health
stationery 5346 inr,Education
"paid for sports match ticket, amount was 824",Entertainment
just got Spotify premium for 399 rs,Entertainment
donation to charity 218 rs,Gifts & Donations
monthly band-aids payment of 1935,Health
purchase of mobile phone - 10301,Shopping
bought courier charges for 994,Other
bought laundry service for 754 rupees,Other
lunch 307 rs,Food
recharged my laptop with 1290,Shopping
bought wedding present for 427 rs,Gifts & Donations
spent 597 on lab test,Health
bought home decor for 8970 rs,Shopping
paid 6871 rs for car service,Transport
pizza 646 rupees,Food
bank fee 640 rupees,Other
"paid for magazine subscription, amount was 273",Other
purchase of phone recharge - 9977,Utilities
restaurant meal cost 730,Food
spent 330 on dental checkup,Health
just got sports match ticket for 683,Entertainment
lab test cost 707,Health
donation to charity 176 rupees,Gifts & Donations
flight ticket cost 8604,Transport
just got dental checkup for 4768 rs,Health
just got medicines for 3728 rs,Health
monthly exam fee payment of 12112,Education
purchase of gym membership - 866,Personal Care
just got phone recharge for 4963 rupees,Utilities
monthly video game payment of 558,Entertainment
just got DTH recharge for 10853 rupees,Utilities
monthly gym membership payment of 974,Personal Care
"paid for home decor, amount was 3686",Shopping
monthly exam fee payment of 8808,Education
spent 2024 on dental checkup,Health
"paid for contribution to fundraiser, amount was 490",Gifts & Donations
spent 683 on cosmetics,Personal Care
spent 121 on birthday gift,Gifts & Donations
just got fuel for car for 8045 rupees,Transport
"paid for video game, amount was 811",Entertainment
recharged my breakfast with 972,Food
paid 971 for courier charges,Other
parking fee 7232 inr,Transport
monthly gym membership payment of 685,Personal Care
just got DTH recharge for 6628,Utilities
monthly textbooks payment of 13290,Education
monthly udemy course payment of 13802,Education
recharged my internet bill with 13281,Utilities
paid 2318 inr for hospital bill,Health
purchase of soap - 409,Personal Care
recharged my cosmetics with 279,Personal Care
purchase of bowling with friends - 444,Entertainment
purchase of stationery - 717,Education
"paid for phone recharge, amount was 501",Utilities
recharged my home repair with 293,Other
magazine subscription 437 inr,Other
purchase of udemy course - 13150,Education
DTH recharge cost 7449,Utilities
recharged my lunch with 813,Food
bought maintenance fee for 6570 inr,Utilities
health insurance premium 2234 rupees,Health
recharged my Netflix subscription with 71,Entertainment
just got broadband payment for 8906,Utilities
recharged my uber ride with 3294,Transport
pen and notebooks 4393 rupees,Education
monthly doctor's visit fee payment of 1557,Health
purchase of house rent - 6677,Utilities
spent 1413 on flight ticket,Transport
paid 14700 rs for pen and notebooks,Education
"paid for lab test, amount was 3290",Health
recharged my furniture with 2969,Shopping
recharged my water bill with 12423,Utilities
bought dental checkup for 527 rupees,Health
recharged my pet food with 784,Other
paid 939 inr for software license,Other
bought vegetables for 468 rupees,Food
bought dental checkup for 4530,Health
just got courier charges for 372,Other
just got textbooks for 1276 rupees,Education
Spotify premium cost 101,Entertainment
monthly birthday gift payment of 193,Gifts & Donations
recharged my new shirt with 10637,Shopping
gas cylinder 11629 rupees,Utilities
spent 418 on contribution to fundraiser,Gifts & Donations
bought online course fee for 1349 rupees,Education
bought udemy course for 14192 inr,Education
"paid for bank fee, amount was 861",Other
monthly textbooks payment of 649,Education
broadband payment cost 13837,Utilities
spent 299 on soap,Personal Care
donation to charity cost 271,Gifts & Donations
Spotify premium cost 554,Entertainment
pizza cost 671,Food
bought gas cylinder for 9513 inr,Utilities
recharged my Netflix subscription with 428,Entertainment
monthly book payment of 14284,Shopping
"paid for electricity bill, amount was 9778",Utilities
just got laptop for 6159 rs,Shopping
"paid for book, amount was 12047",Shopping
groceries cost 876,Food
donation to charity 371 inr,Gifts & Donations
monthly magazine subscription payment of 727,Other
monthly amusement park entry payment of 906,Entertainment
recharged my hospital bill with 2745,Health
just got protein powder for 254 rupees,Personal Care
purchase of cosmetics - 324,Personal Care
paid 217 rupees for restaurant meal,Food
recharged my gift with 9570,Shopping
spent 2980 on vitamins,Health
monthly textbooks payment of 8106,Education
postage stamp cost 510,Other
band-aids cost 2421,Health
recharged my flight ticket with 5056,Transport
recharged my postage stamp with 653,Other
bought medicines for 1316 rs,Health
fuel for car cost 13788,Transport
just got birthday gift for 463 rupees,Gifts & Donations
"paid for breakfast, amount was 321",Food
"paid for movie tickets, amount was 722",Entertainment
spent 8852 on electricity bill,Utilities
just got pizza for 807 inr,Food
monthly snacks payment of 496,Food
recharged my health insurance premium with 1539,Health
spent 255 on sports match ticket,Entertainment
just got DTH recharge for 5124 rupees,Utilities
postage stamp 488 rupees,Other
bought Spotify premium for 806 inr,Entertainment
bought maintenance fee for 11304 inr,Utilities
purchase of fuel for car - 4882,Transport
running shoes 6389 rupees,Shopping
recharged my Spotify premium with 661,Entertainment
sports match ticket 726 rupees,Entertainment
paid 958 inr for gym membership,Personal Care
bought pen and notebooks for 9711 rupees,Education
paid 689 for Spotify premium,Entertainment
bus ticket 332 rupees,Transport
recharged my amusement park entry with 902,Entertainment
groceries 141 rs,Food
paid 936 for donation to charity,Gifts & Donations
bought textbooks for 3703,Education
"paid for train ticket, amount was 13058",Transport
spent 3035 on book,Shopping
monthly birthday gift payment of 505,Gifts & Donations
just got vitamins for 418 rupees,Health
bought donation to charity for 831 inr,Gifts & Donations
purchase of contribution to fundraiser - 364,Gifts & Donations
"paid for broadband payment, amount was 11059",Utilities
bought cosmetics for 896 rs,Personal Care
paid 1578 for uber ride,Transport
just got breakfast for 699 rs,Food
shampoo 238 inr,Personal Care
purchase of broadband payment - 296,Utilities
monthly laptop payment of 2015,Shopping
"paid for ice cream, amount was 101",Food
just got vitamins for 2175,Health
paid 694 rs for contribution to fundraiser,Gifts & Donations
monthly exam fee payment of 10639,Education
"paid for train ticket, amount was 7682",Transport
spent 690 on wedding present,Gifts & Donations
monthly snacks payment of 158,Food
monthly courier charges payment of 310,Other
jeans cost 14906,Shopping
monthly Spotify premium payment of 480,Entertainment
purchase of udemy course - 9311,Education
bought wedding present for 499 rs,Gifts & Donations
haircut 329,Personal Care
spent 3024 on hospital bill,Health
bought protein powder for 850,Personal Care
recharged my donation to charity with 225,Gifts & Donations
snacks 712 inr,Food
spent 7946 on flight ticket,Transport
"paid for uber ride, amount was 6524",Transport
bought dental checkup for 2495,Health
recharged my video game with 409,Entertainment
paid 575 rupees for birthday gift,Gifts & Donations
monthly haircut payment of 785,Personal Care
monthly gift for anniversary payment of 627,Gifts & Donations
purchase of protein powder - 592,Personal Care
salon visit 887 rs,Personal Care
paid 7217 rupees for home decor,Shopping
recharged my donation to charity with 357,Gifts & Donations
"paid for coursera specialization, amount was 9483",Education
monthly laptop payment of 13313,Shopping
paid 1498 inr for jeans,Shopping
"paid for furniture, amount was 422",Shopping
"paid for magazine subscription, amount was 951",Other
"paid for bus ticket, amount was 13746",Transport
monthly electricity bill payment of 5510,Utilities
bought lab test for 306 inr,Health
bought exam fee for 5761 inr,Education
paid 866 for wedding present,Gifts & Donations
courier charges 70 inr,Other
just got parking fee for 8729 inr,Transport
postage stamp 749,Other
bought home repair for 569 inr,Other
monthly birthday gift payment of 132,Gifts & Donations
paid 6776 rs for stationery,Education
"paid for contribution to fundraiser, amount was 556",Gifts & Donations
monthly band-aids payment of 4238,Health
"paid for pastries, amount was 889",Food
purchase of lab test - 2508,Health
purchase of protein powder - 171,Personal Care
"paid for gift for anniversary, amount was 337",Gifts & Donations
cosmetics 965,Personal Care
postage stamp cost 763,Other
just got vitamins for 3356 inr,Health
bought exam fee for 840 inr,Education
purchase of mobile phone - 473,Shopping
just got gas cylinder for 2607,Utilities
purchase of breakfast - 283,Food
just got health insurance premium for 1629,Health
DTH recharge cost 9272,Utilities
purchase of pizza - 768,Food
just got stationery for 8896 inr,Education
recharged my takeout food with 70,Food
monthly jeans payment of 1094,Shopping
paid 2613 rs for dental checkup,Health
spent 102 on bank fee,Other
spent 683 on cosmetics,Personal Care
bought lab test for 3661,Health
bought udemy course for 9812 rs,Education
vegetables cost 988,Food
bought protein powder for 143 inr,Personal Care
purchase of textbooks - 587,Education
just got movie tickets for 281 rupees,Entertainment
recharged my coffee with 887,Food
recharged my fuel for car with 3968,Transport
paid 8936 rs for exam fee,Education
just got breakfast for 64,Food
paid 5019 for coursera specialization,Education
textbooks cost 11832,Education
spent 6676 on furniture,Shopping
purchase of pizza - 475,Food
monthly gym membership payment of 122,Personal Care
paid 10262 rupees for uber ride,Transport
paid 7894 rupees for train ticket,Transport
recharged my subscription service with 10892,Utilities
purchase of band-aids - 2671,Health
soap 392,Personal Care
"paid for cosmetics, amount was 516",Personal Care
recharged my courier charges with 275,Other
paid 210 for health insurance premium,Health
recharged my gym membership with 404,Personal Care
bought exam fee for 12154 inr,Education
bought car service for 2426 rs,Transport
purchase of restaurant meal - 888,Food
paid 3007 rupees for lab test,Health
bought vegetables for 490 inr,Food
spent 538 on magazine subscription,Other
spent 466 on protein powder,Personal Care
monthly courier charges payment of 846,Other
udemy course cost 7899,Education
purchase of concert tickets - 74,Entertainment
spent 7784 on exam fee,Education
"paid for sports match ticket, amount was 497",Entertainment
purchase of bowling with friends - 263,Entertainment
haircut 572 rupees,Personal Care
contribution to fundraiser 810,Gifts & Donations
textbooks 14416 inr,Education
monthly gift for anniversary payment of 716,Gifts & Donations
spent 208 on laundry service,Other
paid 7794 for house rent,Utilities
haircut cost 533,Personal Care
monthly lab test payment of 991,Health
purchase of laundry service - 804,Other
bought medicines for 4671,Health
purchase of internet bill - 4926,Utilities
bought donation to charity for 349 rs,Gifts & Donations
purchase of video game - 99,Entertainment
just got shampoo for 370 rupees,Personal Care
recharged my restaurant meal with 63,Food
purchase of pastries - 279,Food
mobile phone 5172,Shopping
monthly laundry service payment of 446,Other
spent 976 on laundry service,Other
lunch cost 605,Food
paid 13451 inr for parking fee,Transport
"paid for watch, amount was 6740",Shopping
jeans cost 12209,Shopping
recharged my protein powder with 992,Personal Care
just got doctor's visit fee for 4319 rupees,Health
movie tickets cost 662,Entertainment
furniture cost 14505,Shopping
just got contribution to fundraiser for 449,Gifts & Donations
recharged my contribution to fundraiser with 457,Gifts & Donations
paid 401 rs for postage stamp,Other
recharged my wedding present with 234,Gifts & Donations
band-aids cost 1477,Health
book cost 268,Shopping
purchase of gift for anniversary - 818,Gifts & Donations
paid 4309 for exam fee,Education
purchase of birthday gift - 913,Gifts & Donations
bought video game for 819 rupees,Entertainment
gym membership cost 180,Personal Care
haircut cost 883,Personal Care
just got movie tickets for 954 rupees,Entertainment
purchase of wedding present - 122,Gifts & Donations
paid 767 inr for vegetables,Food
purchase of water bill - 6884,Utilities
"paid for bank fee, amount was 293",Other
water bill cost 935,Utilities
magazine subscription cost 805,Other
"paid for headphones, amount was 13686",Shopping
recharged my shampoo with 106,Personal Care
just got ice cream for 652 inr,Food
just got water bill for 12503,Utilities
bought Spotify premium for 786,Entertainment
mobile phone 2846 inr,Shopping
recharged my bank fee with 213,Other
just got uber ride for 14481,Transport
just got wedding present for 984,Gifts & Donations
fuel for car 9303 rs,Transport
bought takeout food for 103 rupees,Food
recharged my medicines with 1891,Health
purchase of shampoo - 171,Personal Care
recharged my doctor's visit fee with 4811,Health
bought fruits for 249 inr,Food
spent 782 on video game,Entertainment
medicines cost 821,Health
just got concert tickets for 270,Entertainment
just got DTH recharge for 7430 rs,Utilities
purchase of health insurance premium - 2359,Health
bought jeans for 1346,Shopping
paid 921 rs for lunch,Food
spent 271 on sports match ticket,Entertainment
recharged my udemy course with 10084,Education
spent 285 on magazine subscription,Other
recharged my groceries with 337,Food
monthly bank fee payment of 882,Other
udemy course cost 13839,Education
just got breakfast for 735 rupees,Food
"paid for bowling with friends, amount was 767",Entertainment
"paid for soap, amount was 475",Personal Care
magazine subscription cost 526,Other
purchase of band-aids - 2729,Health
monthly pen and notebooks payment of 8712,Education
dinner with friends cost 766,Food
spent 1816 on water bill,Utilities
just got stationery for 2888 inr,Education
takeout food 419 rupees,Food
monthly broadband payment payment of 9165,Utilities
protein powder cost 816,Personal Care
haircut cost 143,Personal Care
monthly stationery payment of 8553,Education
paid 1709 inr for mobile phone,Shopping
spent 869 on birthday gift,Gifts & Donations
"paid for wedding present, amount was 860",Gifts & Donations
recharged my home repair with 419,Other
auto rickshaw fare cost 13443,Transport
purchase of doctor's visit fee - 709,Health
bought video game for 912 rupees,Entertainment
bought new shirt for 9527 rs,Shopping
monthly health insurance premium payment of 2999,Health
recharged my gift for anniversary with 880,Gifts & Donations
electricity bill cost 411,Utilities
paid 10470 rupees for bus ticket,Transport
recharged my pastries with 971,Food
Spotify premium 573 inr,Entertainment
purchase of taxi fare - 7017,Transport
just got donation to charity for 718,Gifts & Donations
paid 13445 rupees for auto rickshaw fare,Transport
paid 338 inr for donation to charity,Gifts & Donations
bought phone recharge for 856 rupees,Utilities
recharged my snacks with 672,Food
just got Netflix subscription for 276 rs,Entertainment
monthly Netflix subscription payment of 695,Entertainment
monthly contribution to fundraiser payment of 557,Gifts & Donations
monthly wedding present payment of 679,Gifts & Donations
"paid for coursera specialization, amount was 3290",Education
purchase of contribution to fundraiser - 82,Gifts & Donations
just got medicines for 4830 inr,Health
haircut cost 665,Personal Care
just got jeans for 11593 rupees,Shopping
paid 10438 rs for broadband payment,Utilities
concert tickets 553 rs,Entertainment
spent 3366 on watch,Shopping
paid 5157 rs for electricity bill,Utilities
spent 13907 on maintenance fee,Utilities
"paid for soap, amount was 929",Personal Care
"paid for pet food, amount was 805",Other
internet bill cost 2549,Utilities
bought skincare products for 5335,Shopping
purchase of home decor - 7960,Shopping
purchase of exam fee - 5539,Education
recharged my video game with 639,Entertainment
"paid for amusement park entry, amount was 576",Entertainment
breakfast cost 311,Food
monthly magazine subscription payment of 567,Other
vitamins cost 881,Health
coursera specialization cost 6956,Education
monthly house rent payment of 2923,Utilities
monthly stationery payment of 12290,Education
purchase of ice cream - 430,Food
bought birthday gift for 850,Gifts & Donations
spent 4267 on vitamins,Health
just got car service for 2787,Transport
"paid for lunch, amount was 732",Food
just got movie tickets for 1000 inr,Entertainment
purchase of maintenance fee - 13626,Utilities
recharged my health insurance premium with 2847,Health
purchase of home decor - 857,Shopping
"paid for vitamins, amount was 1554",Health
paid 990 inr for doctor's visit fee,Health
bought cosmetics for 143 rupees,Personal Care
bought birthday gift for 513 inr,Gifts & Donations
bought restaurant meal for 656 rupees,Food
"paid for sports match ticket, amount was 947",Entertainment
bought protein powder for 463,Personal Care
bought bowling with friends for 476 inr,Entertainment
bought video game for 862 inr,Entertainment
bought courier charges for 925 rupees,Other
just got band-aids for 674,Health
just got exam fee for 13878 rupees,Education
gift 5980 rupees,Shopping
paid 931 for gym membership,Personal Care
monthly postage stamp payment of 158,Other
purchase of dental checkup - 4292,Health
"paid for lunch, amount was 264",Food
bought gift for anniversary for 806 inr,Gifts & Donations
spent 577 on coffee,Food
furniture 13419,Shopping
paid 2444 inr for doctor's visit fee,Health
recharged my donation to charity with 631,Gifts & Donations
recharged my Netflix subscription with 664,Entertainment
just got courier charges for 885 rs,Other
purchase of auto rickshaw fare - 5781,Transport
breakfast cost 456,Food
just got health insurance premium for 110,Health
bought Spotify premium for 314 inr,Entertainment
spent 730 on bank fee,Other
"paid for magazine subscription, amount was 258",Other
monthly phone recharge payment of 261,Utilities
"paid for exam fee, amount was 421",Education
paid 904 inr for bowling with friends,Entertainment
bowling with friends 785 rupees,Entertainment
purchase of udemy course - 4363,Education
udemy course cost 14339,Education
watch 5782 inr,Shopping
spent 865 on medicines,Health
spent 295 on Netflix subscription,Entertainment
spent 72 on dinner with friends,Food
recharged my fruits with 238,Food
recharged my amusement park entry with 637,Entertainment
paid 750 rupees for birthday gift,Gifts & Donations
monthly software license payment of 403,Other
just got salon visit for 148 rs,Personal Care
paid 3861 for lab test,Health
bought breakfast for 575 rupees,Food
monthly video game payment of 108,Entertainment
recharged my magazine subscription with 93,Other
just got taxi fare for 3796 rs,Transport
monthly skincare products payment of 13203,Shopping
monthly amusement park entry payment of 383,Entertainment
phone recharge 13850,Utilities
recharged my donation to charity with 668,Gifts & Donations
recharged my udemy course with 3144,Education
bought contribution to fundraiser for 925 inr,Gifts & Donations
just got health insurance premium for 1459 rupees,Health
Spotify premium cost 240,Entertainment
cosmetics cost 900,Personal Care
hospital bill 172,Health
"paid for flight ticket, amount was 2090",Transport
monthly dinner with friends payment of 589,Food
monthly contribution to fundraiser payment of 355,Gifts & Donations
monthly cosmetics payment of 329,Personal Care
Netflix subscription cost 214,Entertainment
bought skincare products for 13156 rupees,Shopping
bought bowling with friends for 152,Entertainment
purchase of postage stamp - 373,Other
movie tickets 238 rs,Entertainment
just got sports match ticket for 253 rupees,Entertainment
recharged my udemy course with 1535,Education
bowling with friends cost 630,Entertainment
doctor's visit fee cost 4247,Health
paid 162 inr for wedding present,Gifts & Donations
purchase of pastries - 191,Food
"paid for postage stamp, amount was 849",Other
spent 984 on Spotify premium,Entertainment
monthly video game payment of 322,Entertainment
"paid for udemy course, amount was 13593",Education
purchase of internet bill - 1705,Utilities
spent 5142 on house rent,Utilities
flight ticket 6705 rupees,Transport
just got headphones for 10868 inr,Shopping
paid 810 rs for sports match ticket,Entertainment
recharged my textbooks with 1381,Education
wedding present 84,Gifts & Donations
just got breakfast for 207 inr,Food
recharged my video game with 298,Entertainment
bought protein powder for 382 inr,Personal Care
recharged my running shoes with 12431,Shopping
bought magazine subscription for 817 inr,Other
just got bowling with friends for 443,Entertainment
monthly contribution to fundraiser payment of 696,Gifts & Donations
"paid for online course fee, amount was 13693",Education
bought bus ticket for 12848 rupees,Transport
monthly donation to charity payment of 387,Gifts & Donations
bought wedding present for 817 rs,Gifts & Donations
just got coursera specialization for 7443 rs,Education
purchase of gym membership - 885,Personal Care
monthly phone recharge payment of 5538,Utilities
gift for anniversary 816,Gifts & Donations
purchase of car service - 559,Transport
spent 624 on breakfast,Food
recharged my udemy course with 621,Education
just got birthday gift for 348 rupees,Gifts & Donations
purchase of subscription service - 4936,Utilities
purchase of pet food - 129,Other
monthly software license payment of 76,Other
bought coffee for 204 inr,Food
recharged my gym membership with 151,Personal Care
bowling with friends cost 352,Entertainment
dental checkup 3036 rupees,Health
spent 8394 on taxi fare,Transport
monthly band-aids payment of 4762,Health
monthly amusement park entry payment of 614,Entertainment
just got snacks for 862 rupees,Food
purchase of bank fee - 628,Other
purchase of gas cylinder - 13721,Utilities
monthly exam fee payment of 9230,Education
monthly electricity bill payment of 10403,Utilities
coursera specialization 11741 inr,Education
monthly dental checkup payment of 3425,Health
paid 922 rupees for video game,Entertainment
paid 5970 inr for pen and notebooks,Education
paid 14476 for online course fee,Education
monthly headphones payment of 12773,Shopping
paid 5693 inr for fuel for car,Transport
purchase of watch - 13239,Shopping
recharged my pet food with 375,Other
home repair 703 rs,Other
purchase of jeans - 4831,Shopping
restaurant meal cost 697,Food
paid 7895 inr for metro card recharge,Transport
soap 534 rs,Personal Care
fuel for car 11660,Transport
spent 5484 on pen and notebooks,Education
"paid for donation to charity, amount was 416",Gifts & Donations
monthly vitamins payment of 1741,Health
bought electricity bill for 5231 rs,Utilities
"paid for internet bill, amount was 4218",Utilities
Netflix subscription cost 916,Entertainment
paid 984 rs for courier charges,Other
monthly shampoo payment of 761,Personal Care
paid 13030 inr for coursera specialization,Education
bought DTH recharge for 6250 inr,Utilities
"paid for exam fee, amount was 12727",Education
cosmetics cost 241,Personal Care
monthly gym membership payment of 663,Personal Care
paid 260 rupees for phone recharge,Utilities
recharged my groceries with 584,Food
spent 6675 on electricity bill,Utilities
monthly stationery payment of 5240,Education
recharged my doctor's visit fee with 2771,Health
recharged my pen and notebooks with 242,Education
stationery 13341 rs,Education
purchase of doctor's visit fee - 984,Health
purchase of auto rickshaw fare - 6523,Transport
recharged my shampoo with 440,Personal Care
just got lunch for 67 inr,Food
monthly sunglasses payment of 13947,Shopping
bought Spotify premium for 467 rupees,Entertainment
recharged my snacks with 298,Food
spent 620 on salon visit,Personal Care
donation to charity cost 189,Gifts & Donations
bank fee 228 inr,Other
bought video game for 938,Entertainment
purchase of electricity bill - 12227,Utilities
purchase of running shoes - 10432,Shopping
doctor's visit fee 3695 rupees,Health
monthly salon visit payment of 480,Personal Care
monthly running shoes payment of 1687,Shopping
"paid for new shirt, amount was 10969",Shopping
coursera specialization cost 1181,Education
"paid for home repair, amount was 342",Other
purchase of doctor's visit fee - 4658,Health
paid 5605 for new shirt,Shopping
purchase of soap - 336,Personal Care
spent 520 on gym membership,Personal Care
just got amusement park entry for 968 rupees,Entertainment
spent 5592 on gas cylinder,Utilities
recharged my parking fee with 10312,Transport
purchase of video game - 386,Entertainment
purchase of dental checkup - 2310,Health
spent 9473 on parking fee,Transport
paid 2481 for vitamins,Health
purchase of medicines - 2284,Health
just got laundry service for 803 inr,Other
"paid for soap, amount was 190",Personal Care
bought groceries for 298 rupees,Food
medicines cost 4622,Health
"paid for doctor's visit fee, amount was 1773",Health
"paid for pet food, amount was 433",Other
"paid for home repair, amount was 253",Other
paid 858 rupees for coffee,Food
just got soap for 73 rs,Personal Care
paid 250 rs for gift for anniversary,Gifts & Donations
bought coffee for 196 rs,Food
monthly doctor's visit fee payment of 4476,Health
spent 7397 on phone recharge,Utilities
recharged my DTH recharge with 4006,Utilities
recharged my internet bill with 3102,Utilities
bought internet bill for 10670 rs,Utilities
bought coffee for 732 inr,Food
paid 958 rupees for contribution to fundraiser,Gifts & Donations
bought broadband payment for 5552,Utilities
spent 563 on contribution to fundraiser,Gifts & Donations
recharged my broadband payment with 1438,Utilities
paid 829 for magazine subscription,Other
purchase of snacks - 354,Food
monthly auto rickshaw fare payment of 9388,Transport
purchase of bowling with friends - 726,Entertainment
paid 10121 rupees for taxi fare,Transport
donation to charity 857 rs,Gifts & Donations
recharged my car service with 1725,Transport
bought wedding present for 873 rupees,Gifts & Donations
recharged my new shirt with 10916,Shopping
purchase of postage stamp - 339,Other
purchase of bank fee - 746,Other
spent 4808 on lab test,Health
donation to charity 110 inr,Gifts & Donations
recharged my amusement park entry with 165,Entertainment
"paid for birthday gift, amount was 742",Gifts & Donations
just got pet food for 704 rs,Other
spent 756 on coffee,Food
just got gift for 11783,Shopping
spent 2080 on car service,Transport
purchase of takeout food - 433,Food
spent 161 on wedding present,Gifts & Donations
just got house rent for 5280 rs,Utilities
paid 2664 rupees for dental checkup,Health
paid 901 rs for bowling with friends,Entertainment
spent 170 on home repair,Other
just got home repair for 613 inr,Other
just got lab test for 3846 rupees,Health
purchase of contribution to fundraiser - 841,Gifts & Donations
"paid for lab test, amount was 1492",Health
paid 13082 for pen and notebooks,Education
recharged my contribution to fundraiser with 969,Gifts & Donations
spent 7093 on auto rickshaw fare,Transport
"paid for subscription service, amount was 4048",Utilities
bought phone recharge for 7785 inr,Utilities
"paid for parking fee, amount was 10275",Transport
furniture 8927 rs,Shopping
bought fruits for 591 rs,Food
purchase of hospital bill - 2349,Health
recharged my donation to charity with 432,Gifts & Donations
just got gas cylinder for 3082 inr,Utilities
spent 255 on fruits,Food
bought restaurant meal for 847,Food
pastries cost 843,Food
spent 522 on dinner with friends,Food
DTH recharge cost 1595,Utilities
spent 750 on gift for anniversary,Gifts & Donations
purchase of watch - 1194,Shopping
paid 407 for shampoo,Personal Care
subscription service cost 11617,Utilities
paid 418 inr for movie tickets,Entertainment
paid 699 rupees for software license,Other
paid 4917 rs for band-aids,Health
recharged my salon visit with 277,Personal Care
train ticket cost 8657,Transport
DTH recharge cost 696,Utilities
spent 742 on gym membership,Personal Care
laundry service cost 804,Other
purchase of auto rickshaw fare - 3465,Transport
pizza 822 inr,Food
"paid for auto rickshaw fare, amount was 2262",Transport
wedding present 558,Gifts & Donations
bought health insurance premium for 3681,Health
recharged my jeans with 9271,Shopping
"paid for coursera specialization, amount was 879",Education
flight ticket cost 5276,Transport
paid 642 rs for bus ticket,Transport
"paid for bus ticket, amount was 3874",Transport
bought new shirt for 14529 inr,Shopping
bought software license for 657 rupees,Other
bought furniture for 7565 rupees,Shopping
monthly soap payment of 266,Personal Care
just got cosmetics for 724,Personal Care
"paid for online course fee, amount was 8570",Education
just got pet food for 787 rupees,Other
maintenance fee 6773 rs,Utilities
protein powder 728 rs,Personal Care
spent 72 on pastries,Food
health insurance premium cost 574,Health
paid 7347 rs for pen and notebooks,Education
paid 3887 inr for doctor's visit fee,Health
just got donation to charity for 57 inr,Gifts & Donations
"paid for postage stamp, amount was 952",Other
recharged my vitamins with 4127,Health
"paid for fuel for car, amount was 11717",Transport
"paid for car service, amount was 11864",Transport
spent 989 on coffee,Food
recharged my laundry service with 417,Other
purchase of health insurance premium - 1463,Health
spent 2432 on health insurance premium,Health
"paid for magazine subscription, amount was 274",Other
monthly mobile phone payment of 11157,Shopping
purchase of new shirt - 14445,Shopping
paid 9232 for bus ticket,Transport
purchase of soap - 420,Personal Care
bought hospital bill for 1696 rupees,Health
purchase of soap - 139,Personal Care
just got dental checkup for 238 inr,Health
bought uber ride for 5703 inr,Transport
purchase of vitamins - 1742,Health
parking fee cost 4914,Transport
just got pizza for 741 rupees,Food
donation to charity 241 rupees,Gifts & Donations
bought internet bill for 13869 rs,Utilities
monthly dinner with friends payment of 818,Food
courier charges cost 146,Other
spent 13618 on skincare products,Shopping
purchase of birthday gift - 645,Gifts & Donations
purchase of birthday gift - 738,Gifts & Donations
bought movie tickets for 992 rupees,Entertainment
"paid for exam fee, amount was 275",Education
monthly haircut payment of 539,Personal Care
monthly taxi fare payment of 7344,Transport
haircut cost 459,Personal Care
recharged my Netflix subscription with 108,Entertainment
paid 7773 rs for coursera specialization,Education
recharged my pastries with 754,Food
monthly contribution to fundraiser payment of 586,Gifts & Donations
paid 5875 for maintenance fee,Utilities
monthly shampoo payment of 247,Personal Care
recharged my uber ride with 11277,Transport
spent 3696 on medicines,Health
doctor's visit fee 2560 inr,Health
monthly coursera specialization payment of 14097,Education
paid 3634 for auto rickshaw fare,Transport
just got pen and notebooks for 14064 rs,Education
monthly movie tickets payment of 454,Entertainment
monthly gift for anniversary payment of 608,Gifts & Donations
purchase of wedding present - 969,Gifts & Donations
purchase of phone recharge - 5392,Utilities
spent 1771 on doctor's visit fee,Health
"paid for salon visit, amount was 291",Personal Care
paid 785 inr for dinner with friends,Food
bought online course fee for 6919,Education
"paid for concert tickets, amount was 462",Entertainment
"paid for postage stamp, amount was 834",Other
bought gift for anniversary for 119 rs,Gifts & Donations
bought exam fee for 8593 rupees,Education
just got snacks for 657 rs,Food
just got movie tickets for 734 rupees,Entertainment
bought ice cream for 280 rupees,Food
bought sunglasses for 697,Shopping
mobile phone 4161 rupees,Shopping
just got book for 11840,Shopping
"paid for book, amount was 12442",Shopping
home repair cost 608,Other
purchase of protein powder - 450,Personal Care
just got auto rickshaw fare for 12894,Transport
spent 509 on groceries,Food
recharged my groceries with 739,Food
spent 983 on haircut,Personal Care
monthly breakfast payment of 211,Food
purchase of pastries - 60,Food
parking fee 10371,Transport
"paid for electricity bill, amount was 2650",Utilities
just got maintenance fee for 5829 inr,Utilities
purchase of cosmetics - 868,Personal Care
"paid for cosmetics, amount was 698",Personal Care
monthly online course fee payment of 12671,Education
magazine subscription cost 962,Other
monthly magazine subscription payment of 922,Other
"paid for groceries, amount was 528",Food
bought courier charges for 726,Other
bought salon visit for 505 inr,Personal Care
"paid for gym membership, amount was 413",Personal Care
sunglasses cost 12663,Shopping
flight ticket 391,Transport
watch cost 2376,Shopping
postage stamp 249 rs,Other
purchase of haircut - 469,Personal Care
monthly pen and notebooks payment of 14383,Education
monthly medicines payment of 4663,Health
bought lab test for 2048 rs,Health
laundry service 935 inr,Other
